-- Use the database
USE usms;

INSERT INTO students (studentID, name, dob, address, contactNumber, enrollmentYear) VALUES
    ('S0001', 'Kamal Perera', '2000-02-15', 'No. 12, Galle Road, Colombo', '0712345678', 2019),
    ('S0002', 'Nimal Kumar', '1999-08-23', 'No. 45, Queen Street, Kandy', '0771234567', 2018),
    ('S0003', 'Priya Jayasinghe', '2001-05-10', 'No. 20, Habarakada, Gampaha', '0789876543', 2020),
    ('S0004', 'Anura Silva', '2000-11-30', 'No. 56, High Street, Jaffna', '0718765432', 2019),
    ('S0005', 'Dilani Seneviratne', '1998-03-25', 'No. 72, Colombo Road, Kegalle', '0751237890', 2017),
    ('S0006', 'Ruwan Fernando', '2001-07-02', 'No. 10, Matale Road, Kurunegala', '0722348765', 2021),
    ('S0007', 'Tharindu Wijesekara', '2000-06-18', 'No. 33, Main Street, Galle', '0786782345', 2020),
    ('S0008', 'Chandana Rajapaksha', '1999-09-05', 'No. 15, Hapugala, Bentota', '0712233445', 2018),
    ('S0009', 'Samantha Perera', '2002-01-13', 'No. 123, Negombo Road, Colombo', '0777890123', 2022),
    ('S0010', 'Kasun Bandara', '2001-04-28', 'No. 89, Sri Jayawardenepura, Nugegoda', '0721122334', 2020),
    ('S0011', 'Shashika Gunasekara', '2000-12-11', 'No. 51, Dambulla Road, Matale', '0785671234', 2019),
    ('S0012', 'Saritha Jayaweera', '2000-10-02', 'No. 77, Galle Road, Panadura', '0732345678', 2019),
    ('S0013', 'Lahiru Fernando', '2001-03-06', 'No. 28, Kandy Road, Nuwara Eliya', '0745678901', 2020),
    ('S0014', 'Ravindra Abeysekara', '1998-12-18', 'No. 99, Peradeniya Road, Colombo', '0723456789', 2017),
    ('S0015', 'Sujatha Premachandra', '1999-02-25', 'No. 8, Kirulapone, Colombo', '0756789012', 2018),
    ('S0016', 'Aruna Wickramasinghe', '2001-11-20', 'No. 42, Wattala Road, Kelaniya', '0734567890', 2020),
    ('S0017', 'Dulani Weerasinghe', '1998-07-09', 'No. 65, Galle Road, Colombo', '0771237890', 2017),
    ('S0018', 'Chaturanga Senanayake', '2000-01-14', 'No. 85, Pannipitiya, Homagama', '0783456789', 2019),
    ('S0019', 'Vishantha Rajapaksha', '2000-08-21', 'No. 41, Jayanthi Mawatha, Moratuwa', '0745678902', 2019),
    ('S0020', 'Shani Dissanayake', '2001-06-13', 'No. 58, Maradana Road, Colombo', '0721234567', 2020);

INSERT INTO courses (courseID, courseName, credits, duration, faculty) VALUES
    ('C0001', 'Introduction to Computer Science', 3, '1 Year', 'Faculty of Science and Technology'),
    ('C0002', 'Database Management Systems', 3, '1 Year', 'Faculty of Engineering'),
    ('C0003', 'Principles of Accounting', 3, '1 Year', 'Faculty of Business'),
    ('C0004', 'Microeconomics', 3, '1 Year', 'Faculty of Social Sciences'),
    ('C0005', 'Sri Lankan History', 3, '1 Year', 'Faculty of Arts'),
    ('C0006', 'C Programming', 3, '6 Months', 'Faculty of Engineering'),
    ('C0007', 'Advanced Web Development', 3, '6 Months', 'Faculty of Information Technology'),
    ('C0008', 'Business Ethics', 2, '3 Months', 'Faculty of Business'),
    ('C0009', 'Linear Algebra', 3, '1 Year', 'Faculty of Science'),
    ('C0010', 'Political Science', 3, '1 Year', 'Faculty of Social Sciences'),
    ('C0011', 'Organic Chemistry', 4, '1 Year', 'Faculty of Science'),
    ('C0012', 'Introduction to Psychology', 3, '6 Months', 'Faculty of Arts'),
    ('C0013', 'Data Structures and Algorithms', 4, '1 Year', 'Faculty of Engineering'),
    ('C0014', 'Environmental Science', 3, '1 Year', 'Faculty of Science'),
    ('C0015', 'Corporate Law', 3, '1 Year', 'Faculty of Law'),
    ('C0016', 'Marketing Management', 3, '1 Year', 'Faculty of Business'),
    ('C0017', 'Software Engineering', 3, '1 Year', 'Faculty of Information Technology'),
    ('C0018', 'Business Statistics', 3, '6 Months', 'Faculty of Business'),
    ('C0019', 'International Relations', 3, '1 Year', 'Faculty of Social Sciences'),
    ('C0020', 'Engineering Mechanics', 4, '1 Year', 'Faculty of Engineering');

INSERT INTO enrollments (enrollmentID, studentID, courseID, enrollmentDate) VALUES
    ('E0001', 'S0001', 'C0001', '2019-03-01'),
    ('E0002', 'S0002', 'C0002', '2018-09-15'),
    ('E0003', 'S0003', 'C0003', '2020-02-20'),
    ('E0004', 'S0004', 'C0004', '2019-06-10'),
    ('E0005', 'S0005', 'C0005', '2017-05-18'),
    ('E0006', 'S0006', 'C0006', '2021-07-05'),
    ('E0007', 'S0007', 'C0007', '2020-03-10'),
    ('E0008', 'S0008', 'C0008', '2018-10-01'),
    ('E0009', 'S0009', 'C0009', '2022-01-12'),
    ('E0010', 'S0010', 'C0010', '2020-08-15'),
    ('E0011', 'S0011', 'C0011', '2019-11-20'),
    ('E0012', 'S0012', 'C0012', '2019-12-05'),
    ('E0013', 'S0013', 'C0013', '2020-04-01'),
    ('E0014', 'S0014', 'C0014', '2017-08-23'),
    ('E0015', 'S0015', 'C0015', '2018-07-17'),
    ('E0016', 'S0016', 'C0016', '2020-01-25'),
    ('E0017', 'S0017', 'C0017', '2020-06-15'),
    ('E0018', 'S0018', 'C0018', '2019-09-01'),
    ('E0019', 'S0019', 'C0019', '2019-11-10'),
    ('E0020', 'S0020', 'C0020', '2020-09-30');

INSERT INTO grades (gradeID, studentID, courseID, gpa) VALUES
     ('G0001', 'S0001', 'C0001', 3.75),
     ('G0002', 'S0002', 'C0002', 2.80),
     ('G0003', 'S0003', 'C0003', 4.00),
     ('G0004', 'S0004', 'C0004', 2.45),
     ('G0005', 'S0005', 'C0005', 3.20),
     ('G0006', 'S0006', 'C0006', 3.90),
     ('G0007', 'S0007', 'C0007', 2.55),
     ('G0008', 'S0008', 'C0008', 1.95),
     ('G0009', 'S0009', 'C0009', 3.65),
     ('G0010', 'S0010', 'C0010', 3.10),
     ('G0011', 'S0011', 'C0011', 2.80),
     ('G0012', 'S0012', 'C0012', 2.90),
     ('G0013', 'S0013', 'C0013', 3.45),
     ('G0014', 'S0014', 'C0014', 1.75),
     ('G0015', 'S0015', 'C0015', 3.60),
     ('G0016', 'S0016', 'C0016', 3.25),
     ('G0017', 'S0017', 'C0017', 2.10),
     ('G0018', 'S0018', 'C0018', 3.85),
     ('G0019', 'S0019', 'C0019', 2.95),
     ('G0020', 'S0020', 'C0020', 3.40);

INSERT INTO attendance (attendanceID, studentID, courseID, date, status) VALUES
    ('A0001', 'S0001', 'C0001', '2019-03-01', 'Present'),
    ('A0002', 'S0002', 'C0002', '2018-09-15', 'Absent'),
    ('A0003', 'S0003', 'C0003', '2020-02-20', 'Present'),
    ('A0004', 'S0004', 'C0004', '2019-06-10', 'Present'),
    ('A0005', 'S0005', 'C0005', '2017-05-18', 'Absent'),
    ('A0006', 'S0006', 'C0006', '2021-07-05', 'Present'),
    ('A0007', 'S0007', 'C0007', '2020-03-10', 'Absent'),
    ('A0008', 'S0008', 'C0008', '2018-10-01', 'Present'),
    ('A0009', 'S0009', 'C0009', '2022-01-12', 'Present'),
    ('A0010', 'S0010', 'C0010', '2020-08-15', 'Absent'),
    ('A0011', 'S0011', 'C0011', '2019-11-20', 'Present'),
    ('A0012', 'S0012', 'C0012', '2019-12-05', 'Absent'),
    ('A0013', 'S0013', 'C0013', '2020-04-01', 'Present'),
    ('A0014', 'S0014', 'C0014', '2017-08-23', 'Present'),
    ('A0015', 'S0015', 'C0015', '2018-07-17', 'Absent'),
    ('A0016', 'S0016', 'C0016', '2020-01-25', 'Present'),
    ('A0017', 'S0017', 'C0017', '2020-06-15', 'Present'),
    ('A0018', 'S0018', 'C0018', '2019-09-01', 'Absent'),
    ('A0019', 'S0019', 'C0019', '2019-11-10', 'Present'),
    ('A0020', 'S0020', 'C0020', '2020-09-30', 'Absent');

